Código Dane del municipio [Ordenado por este campo] 	Nombre del departamento 	Nombre del municipio
05 - 001 	ANTIOQUIA 	MEDELLÍN
05 - 002 	ANTIOQUIA 	ABEJORRAL
05 - 004 	ANTIOQUIA 	ABRIAQUÍ
05 - 021 	ANTIOQUIA 	ALEJANDRÍA
05 - 030 	ANTIOQUIA 	AMAGÁ
05 - 031 	ANTIOQUIA 	AMALFI
05 - 034 	ANTIOQUIA 	ANDES
05 - 036 	ANTIOQUIA 	ANGELÓPOLIS
05 - 038 	ANTIOQUIA 	ANGOSTURA
05 - 040 	ANTIOQUIA 	ANORÍ
05 - 042 	ANTIOQUIA 	SANTA FÉ DE ANTIOQUIA
05 - 044 	ANTIOQUIA 	ANZÁ
05 - 045 	ANTIOQUIA 	APARTADÓ
05 - 051 	ANTIOQUIA 	ARBOLETES
05 - 055 	ANTIOQUIA 	ARGELIA
05 - 059 	ANTIOQUIA 	ARMENIA
05 - 079 	ANTIOQUIA 	BARBOSA
05 - 086 	ANTIOQUIA 	BELMIRA
05 - 088 	ANTIOQUIA 	BELLO
05 - 091 	ANTIOQUIA 	BETANIA
05 - 093 	ANTIOQUIA 	BETULIA
05 - 101 	ANTIOQUIA 	CIUDAD BOLÍVAR
05 - 107 	ANTIOQUIA 	BRICEÑO
05 - 113 	ANTIOQUIA 	BURITICÁ
05 - 120 	ANTIOQUIA 	CÁCERES
05 - 125 	ANTIOQUIA 	CAICEDO
05 - 129 	ANTIOQUIA 	CALDAS
05 - 134 	ANTIOQUIA 	CAMPAMENTO
05 - 138 	ANTIOQUIA 	CAÑASGORDAS
05 - 142 	ANTIOQUIA 	CARACOLÍ
05 - 145 	ANTIOQUIA 	CARAMANTA
05 - 147 	ANTIOQUIA 	CAREPA
05 - 148 	ANTIOQUIA 	EL CARMEN DE VIBORAL
05 - 150 	ANTIOQUIA 	CAROLINA
05 - 154 	ANTIOQUIA 	CAUCASIA
05 - 172 	ANTIOQUIA 	CHIGORODÓ
05 - 190 	ANTIOQUIA 	CISNEROS
05 - 197 	ANTIOQUIA 	COCORNÁ
05 - 206 	ANTIOQUIA 	CONCEPCIÓN
05 - 209 	ANTIOQUIA 	CONCORDIA
05 - 212 	ANTIOQUIA 	COPACABANA
05 - 234 	ANTIOQUIA 	DABEIBA
05 - 237 	ANTIOQUIA 	DONMATÍAS
05 - 240 	ANTIOQUIA 	EBÉJICO
05 - 250 	ANTIOQUIA 	EL BAGRE
05 - 264 	ANTIOQUIA 	ENTRERRÍOS
05 - 266 	ANTIOQUIA 	ENVIGADO
05 - 282 	ANTIOQUIA 	FREDONIA
05 - 284 	ANTIOQUIA 	FRONTINO
05 - 306 	ANTIOQUIA 	GIRALDO
05 - 308 	ANTIOQUIA 	GIRARDOTA
05 - 310 	ANTIOQUIA 	GÓMEZ PLATA
05 - 313 	ANTIOQUIA 	GRANADA
05 - 315 	ANTIOQUIA 	GUADALUPE
05 - 318 	ANTIOQUIA 	GUARNE
05 - 321 	ANTIOQUIA 	GUATAPÉ
05 - 347 	ANTIOQUIA 	HELICONIA
05 - 353 	ANTIOQUIA 	HISPANIA
05 - 360 	ANTIOQUIA 	ITAGÜÍ
05 - 361 	ANTIOQUIA 	ITUANGO
05 - 364 	ANTIOQUIA 	JARDÍN
05 - 368 	ANTIOQUIA 	JERICÓ
05 - 376 	ANTIOQUIA 	LA CEJA
05 - 380 	ANTIOQUIA 	LA ESTRELLA
05 - 390 	ANTIOQUIA 	LA PINTADA
05 - 400 	ANTIOQUIA 	LA UNIÓN
05 - 411 	ANTIOQUIA 	LIBORINA
05 - 425 	ANTIOQUIA 	MACEO
05 - 440 	ANTIOQUIA 	MARINILLA
05 - 467 	ANTIOQUIA 	MONTEBELLO
05 - 475 	ANTIOQUIA 	MURINDÓ
05 - 480 	ANTIOQUIA 	MUTATÁ
05 - 483 	ANTIOQUIA 	NARIÑO
05 - 490 	ANTIOQUIA 	NECOCLÍ
05 - 495 	ANTIOQUIA 	NECHÍ
05 - 501 	ANTIOQUIA 	OLAYA
05 - 541 	ANTIOQUIA 	PEÑOL
05 - 543 	ANTIOQUIA 	PEQUE
05 - 576 	ANTIOQUIA 	PUEBLORRICO
05 - 579 	ANTIOQUIA 	PUERTO BERRÍO
05 - 585 	ANTIOQUIA 	PUERTO NARE
05 - 591 	ANTIOQUIA 	PUERTO TRIUNFO
05 - 604 	ANTIOQUIA 	REMEDIOS
05 - 607 	ANTIOQUIA 	RETIRO
05 - 615 	ANTIOQUIA 	RIONEGRO
05 - 628 	ANTIOQUIA 	SABANALARGA
05 - 631 	ANTIOQUIA 	SABANETA
05 - 642 	ANTIOQUIA 	SALGAR
05 - 647 	ANTIOQUIA 	SAN ANDRÉS DE CUERQUÍA
05 - 649 	ANTIOQUIA 	SAN CARLOS
05 - 652 	ANTIOQUIA 	SAN FRANCISCO
05 - 656 	ANTIOQUIA 	SAN JERÓNIMO
05 - 658 	ANTIOQUIA 	SAN JOSÉ DE LA MONTAÑA
05 - 659 	ANTIOQUIA 	SAN JUAN DE URABÁ
05 - 660 	ANTIOQUIA 	SAN LUIS
05 - 664 	ANTIOQUIA 	SAN PEDRO DE LOS MILAGROS
05 - 665 	ANTIOQUIA 	SAN PEDRO DE URABÁ
05 - 667 	ANTIOQUIA 	SAN RAFAEL
05 - 670 	ANTIOQUIA 	SAN ROQUE
05 - 674 	ANTIOQUIA 	SAN VICENTE FERRER
05 - 679 	ANTIOQUIA 	SANTA BÁRBARA
05 - 686 	ANTIOQUIA 	SANTA ROSA DE OSOS
05 - 690 	ANTIOQUIA 	SANTO DOMINGO
05 - 697 	ANTIOQUIA 	EL SANTUARIO
05 - 736 	ANTIOQUIA 	SEGOVIA
05 - 756 	ANTIOQUIA 	SONSÓN
05 - 761 	ANTIOQUIA 	SOPETRÁN
05 - 789 	ANTIOQUIA 	TÁMESIS
05 - 790 	ANTIOQUIA 	TARAZÁ
05 - 792 	ANTIOQUIA 	TARSO
05 - 809 	ANTIOQUIA 	TITIRIBÍ
05 - 819 	ANTIOQUIA 	TOLEDO
05 - 837 	ANTIOQUIA 	TURBO
05 - 842 	ANTIOQUIA 	URAMITA
05 - 847 	ANTIOQUIA 	URRAO
05 - 854 	ANTIOQUIA 	VALDIVIA
05 - 856 	ANTIOQUIA 	VALPARAÍSO
05 - 858 	ANTIOQUIA 	VEGACHÍ
05 - 861 	ANTIOQUIA 	VENECIA
05 - 873 	ANTIOQUIA 	VIGÍA DEL FUERTE
05 - 885 	ANTIOQUIA 	YALÍ
05 - 887 	ANTIOQUIA 	YARUMAL
05 - 890 	ANTIOQUIA 	YOLOMBÓ
05 - 893 	ANTIOQUIA 	YONDÓ
05 - 895 	ANTIOQUIA 	ZARAGOZA
08 - 001 	ATLANTICO 	BARRANQUILLA
08 - 078 	ATLANTICO 	BARANOA
08 - 137 	ATLANTICO 	CAMPO DE LA CRUZ
08 - 141 	ATLANTICO 	CANDELARIA
08 - 296 	ATLANTICO 	GALAPA
08 - 372 	ATLANTICO 	JUAN DE ACOSTA
08 - 421 	ATLANTICO 	LURUACO
08 - 433 	ATLANTICO 	MALAMBO
08 - 436 	ATLANTICO 	MANATÍ
08 - 520 	ATLANTICO 	PALMAR DE VARELA
08 - 549 	ATLANTICO 	PIOJÓ
08 - 558 	ATLANTICO 	POLONUEVO
08 - 560 	ATLANTICO 	PONEDERA
08 - 573 	ATLANTICO 	PUERTO COLOMBIA
08 - 606 	ATLANTICO 	REPELÓN
08 - 634 	ATLANTICO 	SABANAGRANDE
08 - 638 	ATLANTICO 	SABANALARGA
08 - 675 	ATLANTICO 	SANTA LUCÍA
08 - 685 	ATLANTICO 	SANTO TOMÁS
08 - 758 	ATLANTICO 	SOLEDAD
08 - 770 	ATLANTICO 	SUAN
08 - 832 	ATLANTICO 	TUBARÁ
08 - 849 	ATLANTICO 	USIACURÍ
11 - 001 	BOGOTA 	BOGOTÁ, D.C.
13 - 001 	BOLIVAR 	CARTAGENA DE INDIAS
13 - 006 	BOLIVAR 	ACHÍ
13 - 030 	BOLIVAR 	ALTOS DEL ROSARIO
13 - 042 	BOLIVAR 	ARENAL
13 - 052 	BOLIVAR 	ARJONA
13 - 062 	BOLIVAR 	ARROYOHONDO
13 - 074 	BOLIVAR 	BARRANCO DE LOBA
13 - 140 	BOLIVAR 	CALAMAR
13 - 160 	BOLIVAR 	CANTAGALLO
13 - 188 	BOLIVAR 	CICUCO
13 - 212 	BOLIVAR 	CÓRDOBA
13 - 222 	BOLIVAR 	CLEMENCIA
13 - 244 	BOLIVAR 	EL CARMEN DE BOLÍVAR
13 - 248 	BOLIVAR 	EL GUAMO
13 - 268 	BOLIVAR 	EL PEÑÓN
13 - 300 	BOLIVAR 	HATILLO DE LOBA
13 - 430 	BOLIVAR 	MAGANGUÉ
13 - 433 	BOLIVAR 	MAHATES
13 - 440 	BOLIVAR 	MARGARITA
13 - 442 	BOLIVAR 	MARÍA LA BAJA
13 - 458 	BOLIVAR 	MONTECRISTO
13 - 468 	BOLIVAR 	MOMPÓS
13 - 473 	BOLIVAR 	MORALES
13 - 490 	BOLIVAR 	NOROSÍ
13 - 549 	BOLIVAR 	PINILLOS
13 - 580 	BOLIVAR 	REGIDOR
13 - 600 	BOLIVAR 	RÍO VIEJO
13 - 620 	BOLIVAR 	SAN CRISTÓBAL
13 - 647 	BOLIVAR 	SAN ESTANISLAO
13 - 650 	BOLIVAR 	SAN FERNANDO
13 - 654 	BOLIVAR 	SAN JACINTO
13 - 655 	BOLIVAR 	SAN JACINTO DEL CAUCA
13 - 657 	BOLIVAR 	SAN JUAN NEPOMUCENO
13 - 667 	BOLIVAR 	SAN MARTÍN DE LOBA
13 - 670 	BOLIVAR 	SAN PABLO
13 - 673 	BOLIVAR 	SANTA CATALINA
13 - 683 	BOLIVAR 	SANTA ROSA
13 - 688 	BOLIVAR 	SANTA ROSA DEL SUR
13 - 744 	BOLIVAR 	SIMITÍ
13 - 760 	BOLIVAR 	SOPLAVIENTO
13 - 780 	BOLIVAR 	TALAIGUA NUEVO
13 - 810 	BOLIVAR 	TIQUISIO
13 - 836 	BOLIVAR 	TURBACO
13 - 838 	BOLIVAR 	TURBANÁ
13 - 873 	BOLIVAR 	VILLANUEVA
13 - 894 	BOLIVAR 	ZAMBRANO
15 - 001 	BOYACA 	TUNJA
15 - 022 	BOYACA 	ALMEIDA
15 - 047 	BOYACA 	AQUITANIA
15 - 051 	BOYACA 	ARCABUCO
15 - 087 	BOYACA 	BELÉN
15 - 090 	BOYACA 	BERBEO
15 - 092 	BOYACA 	BETÉITIVA
15 - 097 	BOYACA 	BOAVITA
15 - 104 	BOYACA 	BOYACÁ
15 - 106 	BOYACA 	BRICEÑO
15 - 109 	BOYACA 	BUENAVISTA
15 - 114 	BOYACA 	BUSBANZÁ
15 - 131 	BOYACA 	CALDAS
15 - 135 	BOYACA 	CAMPOHERMOSO
15 - 162 	BOYACA 	CERINZA
15 - 172 	BOYACA 	CHINAVITA
15 - 176 	BOYACA 	CHIQUINQUIRÁ
15 - 180 	BOYACA 	CHISCAS
15 - 183 	BOYACA 	CHITA
15 - 185 	BOYACA 	CHITARAQUE
15 - 187 	BOYACA 	CHIVATÁ
15 - 189 	BOYACA 	CIÉNEGA
15 - 204 	BOYACA 	CÓMBITA
15 - 212 	BOYACA 	COPER
15 - 215 	BOYACA 	CORRALES
15 - 218 	BOYACA 	COVARACHÍA
15 - 223 	BOYACA 	CUBARÁ
15 - 224 	BOYACA 	CUCAITA
15 - 226 	BOYACA 	CUÍTIVA
15 - 232 	BOYACA 	CHÍQUIZA
15 - 236 	BOYACA 	CHIVOR
15 - 238 	BOYACA 	DUITAMA
15 - 244 	BOYACA 	EL COCUY
15 - 248 	BOYACA 	EL ESPINO
15 - 272 	BOYACA 	FIRAVITOBA
15 - 276 	BOYACA 	FLORESTA
15 - 293 	BOYACA 	GACHANTIVÁ
15 - 296 	BOYACA 	GÁMEZA
15 - 299 	BOYACA 	GARAGOA
15 - 317 	BOYACA 	GUACAMAYAS
15 - 322 	BOYACA 	GUATEQUE
15 - 325 	BOYACA 	GUAYATÁ
15 - 332 	BOYACA 	GÜICÁN
15 - 362 	BOYACA 	IZA
15 - 367 	BOYACA 	JENESANO
15 - 368 	BOYACA 	JERICÓ
15 - 377 	BOYACA 	LABRANZAGRANDE
15 - 380 	BOYACA 	LA CAPILLA
15 - 401 	BOYACA 	LA VICTORIA
15 - 403 	BOYACA 	LA UVITA
15 - 407 	BOYACA 	VILLA DE LEYVA
15 - 425 	BOYACA 	MACANAL
15 - 442 	BOYACA 	MARIPÍ
15 - 455 	BOYACA 	MIRAFLORES
15 - 464 	BOYACA 	MONGUA
15 - 466 	BOYACA 	MONGUÍ
15 - 469 	BOYACA 	MONIQUIRÁ
15 - 476 	BOYACA 	MOTAVITA
15 - 480 	BOYACA 	MUZO
15 - 491 	BOYACA 	NOBSA
15 - 494 	BOYACA 	NUEVO COLÓN
15 - 500 	BOYACA 	OICATÁ
15 - 507 	BOYACA 	OTANCHE
15 - 511 	BOYACA 	PACHAVITA
15 - 514 	BOYACA 	PÁEZ
15 - 516 	BOYACA 	PAIPA
15 - 518 	BOYACA 	PAJARITO
15 - 522 	BOYACA 	PANQUEBA
15 - 531 	BOYACA 	PAUNA
15 - 533 	BOYACA 	PAYA
15 - 537 	BOYACA 	PAZ DE RÍO
15 - 542 	BOYACA 	PESCA
15 - 550 	BOYACA 	PISBA
15 - 572 	BOYACA 	PUERTO BOYACÁ
15 - 580 	BOYACA 	QUÍPAMA
15 - 599 	BOYACA 	RAMIRIQUÍ
15 - 600 	BOYACA 	RÁQUIRA
15 - 621 	BOYACA 	RONDÓN
15 - 632 	BOYACA 	SABOYÁ
15 - 638 	BOYACA 	SÁCHICA
15 - 646 	BOYACA 	SAMACÁ
15 - 660 	BOYACA 	SAN EDUARDO
15 - 664 	BOYACA 	SAN JOSÉ DE PARE
15 - 667 	BOYACA 	SAN LUIS DE GACENO
15 - 673 	BOYACA 	SAN MATEO
15 - 676 	BOYACA 	SAN MIGUEL DE SEMA
15 - 681 	BOYACA 	SAN PABLO DE BORBUR
15 - 686 	BOYACA 	SANTANA
15 - 690 	BOYACA 	SANTA MARÍA
15 - 693 	BOYACA 	SANTA ROSA DE VITERBO
15 - 696 	BOYACA 	SANTA SOFÍA
15 - 720 	BOYACA 	SATIVANORTE
15 - 723 	BOYACA 	SATIVASUR
15 - 740 	BOYACA 	SIACHOQUE
15 - 753 	BOYACA 	SOATÁ
15 - 755 	BOYACA 	SOCOTÁ
15 - 757 	BOYACA 	SOCHA
15 - 759 	BOYACA 	SOGAMOSO
15 - 761 	BOYACA 	SOMONDOCO
15 - 762 	BOYACA 	SORA
15 - 763 	BOYACA 	SOTAQUIRÁ
15 - 764 	BOYACA 	SORACÁ
15 - 774 	BOYACA 	SUSACÓN
15 - 776 	BOYACA 	SUTAMARCHÁN
15 - 778 	BOYACA 	SUTATENZA
15 - 790 	BOYACA 	TASCO
15 - 798 	BOYACA 	TENZA
15 - 804 	BOYACA 	TIBANÁ
15 - 806 	BOYACA 	TIBASOSA
15 - 808 	BOYACA 	TINJACÁ
15 - 810 	BOYACA 	TIPACOQUE
15 - 814 	BOYACA 	TOCA
15 - 816 	BOYACA 	TOGÜÍ
15 - 820 	BOYACA 	TÓPAGA
15 - 822 	BOYACA 	TOTA
15 - 832 	BOYACA 	TUNUNGUÁ
15 - 835 	BOYACA 	TURMEQUÉ
15 - 837 	BOYACA 	TUTA
15 - 839 	BOYACA 	TUTAZÁ
15 - 842 	BOYACA 	ÚMBITA
15 - 861 	BOYACA 	VENTAQUEMADA
15 - 879 	BOYACA 	VIRACACHÁ
15 - 897 	BOYACA 	ZETAQUIRA
17 - 001 	CALDAS 	MANIZALES
17 - 013 	CALDAS 	AGUADAS
17 - 042 	CALDAS 	ANSERMA
17 - 050 	CALDAS 	ARANZAZU
17 - 088 	CALDAS 	BELALCÁZAR
17 - 174 	CALDAS 	CHINCHINÁ
17 - 272 	CALDAS 	FILADELFIA
17 - 380 	CALDAS 	LA DORADA
17 - 388 	CALDAS 	LA MERCED
17 - 433 	CALDAS 	MANZANARES
17 - 442 	CALDAS 	MARMATO
17 - 444 	CALDAS 	MARQUETALIA
17 - 446 	CALDAS 	MARULANDA
17 - 486 	CALDAS 	NEIRA
17 - 495 	CALDAS 	NORCASIA
17 - 513 	CALDAS 	PÁCORA
17 - 524 	CALDAS 	PALESTINA
17 - 541 	CALDAS 	PENSILVANIA
17 - 614 	CALDAS 	RIOSUCIO
17 - 616 	CALDAS 	RISARALDA
17 - 653 	CALDAS 	SALAMINA
17 - 662 	CALDAS 	SAMANÁ
17 - 665 	CALDAS 	SAN JOSÉ
17 - 777 	CALDAS 	SUPÍA
17 - 867 	CALDAS 	VICTORIA
17 - 873 	CALDAS 	VILLAMARÍA
17 - 877 	CALDAS 	VITERBO
18 - 001 	CAQUETA 	FLORENCIA
18 - 029 	CAQUETA 	ALBANIA
18 - 094 	CAQUETA 	BELÉN DE LOS ANDAQUÍES
18 - 150 	CAQUETA 	CARTAGENA DEL CHAIRÁ
18 - 205 	CAQUETA 	CURILLO
18 - 247 	CAQUETA 	EL DONCELLO
18 - 256 	CAQUETA 	EL PAUJÍL
18 - 410 	CAQUETA 	LA MONTAÑITA
18 - 460 	CAQUETA 	MILÁN
18 - 479 	CAQUETA 	MORELIA
18 - 592 	CAQUETA 	PUERTO RICO
18 - 610 	CAQUETA 	SAN JOSÉ DEL FRAGUA
18 - 753 	CAQUETA 	SAN VICENTE DEL CAGUÁN
18 - 756 	CAQUETA 	SOLANO
18 - 785 	CAQUETA 	SOLITA
18 - 860 	CAQUETA 	VALPARAÍSO
19 - 001 	CAUCA 	POPAYÁN
19 - 022 	CAUCA 	ALMAGUER
19 - 050 	CAUCA 	ARGELIA
19 - 075 	CAUCA 	BALBOA
19 - 100 	CAUCA 	BOLÍVAR
19 - 110 	CAUCA 	BUENOS AIRES
19 - 130 	CAUCA 	CAJIBÍO
19 - 137 	CAUCA 	CALDONO
19 - 142 	CAUCA 	CALOTO
19 - 212 	CAUCA 	CORINTO
19 - 256 	CAUCA 	EL TAMBO
19 - 290 	CAUCA 	FLORENCIA
19 - 300 	CAUCA 	GUACHENÉ
19 - 318 	CAUCA 	GUAPÍ
19 - 355 	CAUCA 	INZÁ
19 - 364 	CAUCA 	JAMBALÓ
19 - 392 	CAUCA 	LA SIERRA
19 - 397 	CAUCA 	LA VEGA
19 - 418 	CAUCA 	LÓPEZ DE MICAY
19 - 450 	CAUCA 	MERCADERES
19 - 455 	CAUCA 	MIRANDA
19 - 473 	CAUCA 	MORALES
19 - 513 	CAUCA 	PADILLA
19 - 517 	CAUCA 	PÁEZ
19 - 532 	CAUCA 	PATÍA
19 - 533 	CAUCA 	PIAMONTE
19 - 548 	CAUCA 	PIENDAMÓ
19 - 573 	CAUCA 	PUERTO TEJADA
19 - 585 	CAUCA 	PURACÉ
19 - 622 	CAUCA 	ROSAS
19 - 693 	CAUCA 	SAN SEBASTIÁN
19 - 698 	CAUCA 	SANTANDER DE QUILICHAO
19 - 701 	CAUCA 	SANTA ROSA
19 - 743 	CAUCA 	SILVIA
19 - 760 	CAUCA 	SOTARA
19 - 780 	CAUCA 	SUÁREZ
19 - 785 	CAUCA 	SUCRE
19 - 807 	CAUCA 	TIMBÍO
19 - 809 	CAUCA 	TIMBIQUÍ
19 - 821 	CAUCA 	TORIBÍO
19 - 824 	CAUCA 	TOTORÓ
19 - 845 	CAUCA 	VILLA RICA
20 - 001 	CESAR 	VALLEDUPAR
20 - 011 	CESAR 	AGUACHICA
20 - 013 	CESAR 	AGUSTÍN CODAZZI
20 - 032 	CESAR 	ASTREA
20 - 045 	CESAR 	BECERRIL
20 - 060 	CESAR 	BOSCONIA
20 - 175 	CESAR 	CHIMICHAGUA
20 - 178 	CESAR 	CHIRIGUANÁ
20 - 228 	CESAR 	CURUMANÍ
20 - 238 	CESAR 	EL COPEY
20 - 250 	CESAR 	EL PASO
20 - 295 	CESAR 	GAMARRA
20 - 310 	CESAR 	GONZÁLEZ
20 - 383 	CESAR 	LA GLORIA
20 - 400 	CESAR 	LA JAGUA DE IBIRICO
20 - 443 	CESAR 	MANAURE BALCÓN DEL CESAR
20 - 517 	CESAR 	PAILITAS
20 - 550 	CESAR 	PELAYA
20 - 570 	CESAR 	PUEBLO BELLO
20 - 614 	CESAR 	RÍO DE ORO
20 - 621 	CESAR 	LA PAZ
20 - 710 	CESAR 	SAN ALBERTO
20 - 750 	CESAR 	SAN DIEGO
20 - 770 	CESAR 	SAN MARTÍN
20 - 787 	CESAR 	TAMALAMEQUE
23 - 001 	CORDOBA 	MONTERÍA
23 - 068 	CORDOBA 	AYAPEL
23 - 079 	CORDOBA 	BUENAVISTA
23 - 090 	CORDOBA 	CANALETE
23 - 162 	CORDOBA 	CERETÉ
23 - 168 	CORDOBA 	CHIMÁ
23 - 182 	CORDOBA 	CHINÚ
23 - 189 	CORDOBA 	CIÉNAGA DE ORO
23 - 300 	CORDOBA 	COTORRA
23 - 350 	CORDOBA 	LA APARTADA
23 - 417 	CORDOBA 	LORICA
23 - 419 	CORDOBA 	LOS CÓRDOBAS
23 - 464 	CORDOBA 	MOMIL
23 - 466 	CORDOBA 	MONTELÍBANO
23 - 500 	CORDOBA 	MOÑITOS
23 - 555 	CORDOBA 	PLANETA RICA
23 - 570 	CORDOBA 	PUEBLO NUEVO
23 - 574 	CORDOBA 	PUERTO ESCONDIDO
23 - 580 	CORDOBA 	PUERTO LIBERTADOR
23 - 586 	CORDOBA 	PURÍSIMA DE LA CONCEPCIÓN
23 - 660 	CORDOBA 	SAHAGÚN
23 - 670 	CORDOBA 	SAN ANDRÉS DE SOTAVENTO
23 - 672 	CORDOBA 	SAN ANTERO
23 - 675 	CORDOBA 	SAN BERNARDO DEL VIENTO
23 - 678 	CORDOBA 	SAN CARLOS
23 - 682 	CORDOBA 	SAN JOSÉ DE URÉ
23 - 686 	CORDOBA 	SAN PELAYO
23 - 807 	CORDOBA 	TIERRALTA
23 - 815 	CORDOBA 	TUCHÍN
23 - 855 	CORDOBA 	VALENCIA
25 - 001 	CUNDINAMARCA 	AGUA DE DIOS
25 - 019 	CUNDINAMARCA 	ALBÁN
25 - 035 	CUNDINAMARCA 	ANAPOIMA
25 - 040 	CUNDINAMARCA 	ANOLAIMA
25 - 053 	CUNDINAMARCA 	ARBELÁEZ
25 - 086 	CUNDINAMARCA 	BELTRÁN
25 - 095 	CUNDINAMARCA 	BITUIMA
25 - 099 	CUNDINAMARCA 	BOJACÁ
25 - 120 	CUNDINAMARCA 	CABRERA
25 - 123 	CUNDINAMARCA 	CACHIPAY
25 - 126 	CUNDINAMARCA 	CAJICÁ
25 - 148 	CUNDINAMARCA 	CAPARRAPÍ
25 - 151 	CUNDINAMARCA 	CÁQUEZA
25 - 154 	CUNDINAMARCA 	CARMEN DE CARUPA
25 - 168 	CUNDINAMARCA 	CHAGUANÍ
25 - 175 	CUNDINAMARCA 	CHÍA
25 - 178 	CUNDINAMARCA 	CHIPAQUE
25 - 181 	CUNDINAMARCA 	CHOACHÍ
25 - 183 	CUNDINAMARCA 	CHOCONTÁ
25 - 200 	CUNDINAMARCA 	COGUA
25 - 214 	CUNDINAMARCA 	COTA
25 - 224 	CUNDINAMARCA 	CUCUNUBÁ
25 - 245 	CUNDINAMARCA 	EL COLEGIO
25 - 258 	CUNDINAMARCA 	EL PEÑÓN
25 - 260 	CUNDINAMARCA 	EL ROSAL
25 - 269 	CUNDINAMARCA 	FACATATIVÁ
25 - 279 	CUNDINAMARCA 	FÓMEQUE
25 - 281 	CUNDINAMARCA 	FOSCA
25 - 286 	CUNDINAMARCA 	FUNZA
25 - 288 	CUNDINAMARCA 	FÚQUENE
25 - 290 	CUNDINAMARCA 	FUSAGASUGÁ
25 - 293 	CUNDINAMARCA 	GACHALÁ
25 - 295 	CUNDINAMARCA 	GACHANCIPÁ
25 - 297 	CUNDINAMARCA 	GACHETÁ
25 - 299 	CUNDINAMARCA 	GAMA
25 - 307 	CUNDINAMARCA 	GIRARDOT
25 - 312 	CUNDINAMARCA 	GRANADA
25 - 317 	CUNDINAMARCA 	GUACHETÁ
25 - 320 	CUNDINAMARCA 	GUADUAS
25 - 322 	CUNDINAMARCA 	GUASCA
25 - 324 	CUNDINAMARCA 	GUATAQUÍ
25 - 326 	CUNDINAMARCA 	GUATAVITA
25 - 328 	CUNDINAMARCA 	GUAYABAL DE SÍQUIMA
25 - 335 	CUNDINAMARCA 	GUAYABETAL
25 - 339 	CUNDINAMARCA 	GUTIÉRREZ
25 - 368 	CUNDINAMARCA 	JERUSALÉN
25 - 372 	CUNDINAMARCA 	JUNÍN
25 - 377 	CUNDINAMARCA 	LA CALERA
25 - 386 	CUNDINAMARCA 	LA MESA
25 - 394 	CUNDINAMARCA 	LA PALMA
25 - 398 	CUNDINAMARCA 	LA PEÑA
25 - 402 	CUNDINAMARCA 	LA VEGA
25 - 407 	CUNDINAMARCA 	LENGUAZAQUE
25 - 426 	CUNDINAMARCA 	MACHETÁ
25 - 430 	CUNDINAMARCA 	MADRID
25 - 436 	CUNDINAMARCA 	MANTA
25 - 438 	CUNDINAMARCA 	MEDINA
25 - 473 	CUNDINAMARCA 	MOSQUERA
25 - 483 	CUNDINAMARCA 	NARIÑO
25 - 486 	CUNDINAMARCA 	NEMOCÓN
25 - 488 	CUNDINAMARCA 	NILO
25 - 489 	CUNDINAMARCA 	NIMAIMA
25 - 491 	CUNDINAMARCA 	NOCAIMA
25 - 506 	CUNDINAMARCA 	VENECIA
25 - 513 	CUNDINAMARCA 	PACHO
25 - 518 	CUNDINAMARCA 	PAIME
25 - 524 	CUNDINAMARCA 	PANDI
25 - 530 	CUNDINAMARCA 	PARATEBUENO
25 - 535 	CUNDINAMARCA 	PASCA
25 - 572 	CUNDINAMARCA 	PUERTO SALGAR
25 - 580 	CUNDINAMARCA 	PULÍ
25 - 592 	CUNDINAMARCA 	QUEBRADANEGRA
25 - 594 	CUNDINAMARCA 	QUETAME
25 - 596 	CUNDINAMARCA 	QUIPILE
25 - 599 	CUNDINAMARCA 	APULO
25 - 612 	CUNDINAMARCA 	RICAURTE
25 - 645 	CUNDINAMARCA 	SAN ANTONIO DEL TEQUENDAMA
25 - 649 	CUNDINAMARCA 	SAN BERNARDO
25 - 653 	CUNDINAMARCA 	SAN CAYETANO
25 - 658 	CUNDINAMARCA 	SAN FRANCISCO
25 - 662 	CUNDINAMARCA 	SAN JUAN DE RIOSECO
25 - 718 	CUNDINAMARCA 	SASAIMA
25 - 736 	CUNDINAMARCA 	SESQUILÉ
25 - 740 	CUNDINAMARCA 	SIBATÉ
25 - 743 	CUNDINAMARCA 	SILVANIA
25 - 745 	CUNDINAMARCA 	SIMIJACA
25 - 754 	CUNDINAMARCA 	SOACHA
25 - 758 	CUNDINAMARCA 	SOPÓ
25 - 769 	CUNDINAMARCA 	SUBACHOQUE
25 - 772 	CUNDINAMARCA 	SUESCA
25 - 777 	CUNDINAMARCA 	SUPATÁ
25 - 779 	CUNDINAMARCA 	SUSA
25 - 781 	CUNDINAMARCA 	SUTATAUSA
25 - 785 	CUNDINAMARCA 	TABIO
25 - 793 	CUNDINAMARCA 	TAUSA
25 - 797 	CUNDINAMARCA 	TENA
25 - 799 	CUNDINAMARCA 	TENJO
25 - 805 	CUNDINAMARCA 	TIBACUY
25 - 807 	CUNDINAMARCA 	TIBIRITA
25 - 815 	CUNDINAMARCA 	TOCAIMA
25 - 817 	CUNDINAMARCA 	TOCANCIPÁ
25 - 823 	CUNDINAMARCA 	TOPAIPÍ
25 - 839 	CUNDINAMARCA 	UBALÁ
25 - 841 	CUNDINAMARCA 	UBAQUE
25 - 843 	CUNDINAMARCA 	VILLA DE SAN DIEGO DE UBATÉ
25 - 845 	CUNDINAMARCA 	UNE
25 - 851 	CUNDINAMARCA 	ÚTICA
25 - 862 	CUNDINAMARCA 	VERGARA
25 - 867 	CUNDINAMARCA 	VIANÍ
25 - 871 	CUNDINAMARCA 	VILLAGÓMEZ
25 - 873 	CUNDINAMARCA 	VILLAPINZÓN
25 - 875 	CUNDINAMARCA 	VILLETA
25 - 878 	CUNDINAMARCA 	VIOTÁ
25 - 885 	CUNDINAMARCA 	YACOPÍ
25 - 898 	CUNDINAMARCA 	ZIPACÓN
25 - 899 	CUNDINAMARCA 	ZIPAQUIRÁ
27 - 001 	CHOCO 	QUIBDÓ
27 - 006 	CHOCO 	ACANDÍ
27 - 025 	CHOCO 	ALTO BAUDÓ
27 - 050 	CHOCO 	ATRATO
27 - 073 	CHOCO 	BAGADÓ
27 - 075 	CHOCO 	BAHÍA SOLANO
27 - 077 	CHOCO 	BAJO BAUDÓ
27 - 099 	CHOCO 	BOJAYÁ
27 - 135 	CHOCO 	EL CANTÓN DEL SAN PABLO
27 - 150 	CHOCO 	CARMEN DEL DARIÉN
27 - 160 	CHOCO 	CÉRTEGUI
27 - 205 	CHOCO 	CONDOTO
27 - 245 	CHOCO 	EL CARMEN DE ATRATO
27 - 250 	CHOCO 	EL LITORAL DEL SAN JUAN
27 - 361 	CHOCO 	ISTMINA
27 - 372 	CHOCO 	JURADÓ
27 - 413 	CHOCO 	LLORÓ
27 - 425 	CHOCO 	MEDIO ATRATO
27 - 430 	CHOCO 	MEDIO BAUDÓ
27 - 450 	CHOCO 	MEDIO SAN JUAN
27 - 491 	CHOCO 	NÓVITA
27 - 495 	CHOCO 	NUQUÍ
27 - 580 	CHOCO 	RÍO IRÓ
27 - 600 	CHOCO 	RÍO QUITO
27 - 615 	CHOCO 	RIOSUCIO
27 - 660 	CHOCO 	SAN JOSÉ DEL PALMAR
27 - 745 	CHOCO 	SIPÍ
27 - 787 	CHOCO 	TADÓ
27 - 800 	CHOCO 	UNGUÍA
27 - 810 	CHOCO 	UNIÓN PANAMERICANA
41 - 001 	HUILA 	NEIVA
41 - 006 	HUILA 	ACEVEDO
41 - 013 	HUILA 	AGRADO
41 - 016 	HUILA 	AIPE
41 - 020 	HUILA 	ALGECIRAS
41 - 026 	HUILA 	ALTAMIRA
41 - 078 	HUILA 	BARAYA
41 - 132 	HUILA 	CAMPOALEGRE
41 - 206 	HUILA 	COLOMBIA
41 - 244 	HUILA 	ELÍAS
41 - 298 	HUILA 	GARZÓN
41 - 306 	HUILA 	GIGANTE
41 - 319 	HUILA 	GUADALUPE
41 - 349 	HUILA 	HOBO
41 - 357 	HUILA 	ÍQUIRA
41 - 359 	HUILA 	ISNOS
41 - 378 	HUILA 	LA ARGENTINA
41 - 396 	HUILA 	LA PLATA
41 - 483 	HUILA 	NÁTAGA
41 - 503 	HUILA 	OPORAPA
41 - 518 	HUILA 	PAICOL
41 - 524 	HUILA 	PALERMO
41 - 530 	HUILA 	PALESTINA
41 - 548 	HUILA 	PITAL
41 - 551 	HUILA 	PITALITO
41 - 615 	HUILA 	RIVERA
41 - 660 	HUILA 	SALADOBLANCO
41 - 668 	HUILA 	SAN AGUSTÍN
41 - 676 	HUILA 	SANTA MARÍA
41 - 770 	HUILA 	SUAZA
41 - 791 	HUILA 	TARQUI
41 - 797 	HUILA 	TESALIA
41 - 799 	HUILA 	TELLO
41 - 801 	HUILA 	TERUEL
41 - 807 	HUILA 	TIMANÁ
41 - 872 	HUILA 	VILLAVIEJA
41 - 885 	HUILA 	YAGUARÁ
44 - 001 	LA GUAJIRA 	RIOHACHA
44 - 035 	LA GUAJIRA 	ALBANIA
44 - 078 	LA GUAJIRA 	BARRANCAS
44 - 090 	LA GUAJIRA 	DIBULLA
44 - 098 	LA GUAJIRA 	DISTRACCIÓN
44 - 110 	LA GUAJIRA 	EL MOLINO
44 - 279 	LA GUAJIRA 	FONSECA
44 - 378 	LA GUAJIRA 	HATONUEVO
44 - 420 	LA GUAJIRA 	LA JAGUA DEL PILAR
44 - 430 	LA GUAJIRA 	MAICAO
44 - 560 	LA GUAJIRA 	MANAURE
44 - 650 	LA GUAJIRA 	SAN JUAN DEL CESAR
44 - 847 	LA GUAJIRA 	URIBIA
44 - 855 	LA GUAJIRA 	URUMITA
44 - 874 	LA GUAJIRA 	VILLANUEVA
47 - 001 	MAGDALENA 	SANTA MARTA
47 - 030 	MAGDALENA 	ALGARROBO
47 - 053 	MAGDALENA 	ARACATACA
47 - 058 	MAGDALENA 	ARIGUANÍ
47 - 161 	MAGDALENA 	CERRO DE SAN ANTONIO
47 - 170 	MAGDALENA 	CHIVOLO
47 - 189 	MAGDALENA 	CIÉNAGA
47 - 205 	MAGDALENA 	CONCORDIA
47 - 245 	MAGDALENA 	EL BANCO
47 - 258 	MAGDALENA 	EL PIÑÓN
47 - 268 	MAGDALENA 	EL RETÉN
47 - 288 	MAGDALENA 	FUNDACIÓN
47 - 318 	MAGDALENA 	GUAMAL
47 - 460 	MAGDALENA 	NUEVA GRANADA
47 - 541 	MAGDALENA 	PEDRAZA
47 - 545 	MAGDALENA 	PIJIÑO DEL CARMEN
47 - 551 	MAGDALENA 	PIVIJAY
47 - 555 	MAGDALENA 	PLATO
47 - 570 	MAGDALENA 	PUEBLOVIEJO
47 - 605 	MAGDALENA 	REMOLINO
47 - 660 	MAGDALENA 	SABANAS DE SAN ÁNGEL
47 - 675 	MAGDALENA 	SALAMINA
47 - 692 	MAGDALENA 	SAN SEBASTIÁN DE BUENAVISTA
47 - 703 	MAGDALENA 	SAN ZENÓN
47 - 707 	MAGDALENA 	SANTA ANA
47 - 720 	MAGDALENA 	SANTA BÁRBARA DE PINTO
47 - 745 	MAGDALENA 	SITIONUEVO
47 - 798 	MAGDALENA 	TENERIFE
47 - 960 	MAGDALENA 	ZAPAYÁN
47 - 980 	MAGDALENA 	ZONA BANANERA
50 - 001 	META 	VILLAVICENCIO
50 - 006 	META 	ACACÍAS
50 - 110 	META 	BARRANCA DE UPÍA
50 - 124 	META 	CABUYARO
50 - 150 	META 	CASTILLA LA NUEVA
50 - 223 	META 	SAN LUIS DE CUBARRAL
50 - 226 	META 	CUMARAL
50 - 245 	META 	EL CALVARIO
50 - 251 	META 	EL CASTILLO
50 - 270 	META 	EL DORADO
50 - 287 	META 	FUENTE DE ORO
50 - 313 	META 	GRANADA
50 - 318 	META 	GUAMAL
50 - 325 	META 	MAPIRIPÁN
50 - 330 	META 	MESETAS
50 - 350 	META 	LA MACARENA
50 - 370 	META 	URIBE
50 - 400 	META 	LEJANÍAS
50 - 450 	META 	PUERTO CONCORDIA
50 - 568 	META 	PUERTO GAITÁN
50 - 573 	META 	PUERTO LÓPEZ
50 - 577 	META 	PUERTO LLERAS
50 - 590 	META 	PUERTO RICO
50 - 606 	META 	RESTREPO
50 - 680 	META 	SAN CARLOS DE GUAROA
50 - 683 	META 	SAN JUAN DE ARAMA
50 - 686 	META 	SAN JUANITO
50 - 689 	META 	SAN MARTÍN
50 - 711 	META 	VISTAHERMOSA
52 - 001 	NARIÑO 	PASTO
52 - 019 	NARIÑO 	ALBÁN
52 - 022 	NARIÑO 	ALDANA
52 - 036 	NARIÑO 	ANCUYÁ
52 - 051 	NARIÑO 	ARBOLEDA
52 - 079 	NARIÑO 	BARBACOAS
52 - 083 	NARIÑO 	BELÉN
52 - 110 	NARIÑO 	BUESACO
52 - 203 	NARIÑO 	COLÓN
52 - 207 	NARIÑO 	CONSACÁ
52 - 210 	NARIÑO 	CONTADERO
52 - 215 	NARIÑO 	CÓRDOBA
52 - 224 	NARIÑO 	CUASPÚD
52 - 227 	NARIÑO 	CUMBAL
52 - 233 	NARIÑO 	CUMBITARA
52 - 240 	NARIÑO 	CHACHAGÜÍ
52 - 250 	NARIÑO 	EL CHARCO
52 - 254 	NARIÑO 	EL PEÑOL
52 - 256 	NARIÑO 	EL ROSARIO
52 - 258 	NARIÑO 	EL TABLÓN DE GÓMEZ
52 - 260 	NARIÑO 	EL TAMBO
52 - 287 	NARIÑO 	FUNES
52 - 317 	NARIÑO 	GUACHUCAL
52 - 320 	NARIÑO 	GUAITARILLA
52 - 323 	NARIÑO 	GUALMATÁN
52 - 352 	NARIÑO 	ILES
52 - 354 	NARIÑO 	IMUÉS
52 - 356 	NARIÑO 	IPIALES
52 - 378 	NARIÑO 	LA CRUZ
52 - 381 	NARIÑO 	LA FLORIDA
52 - 385 	NARIÑO 	LA LLANADA
52 - 390 	NARIÑO 	LA TOLA
52 - 399 	NARIÑO 	LA UNIÓN
52 - 405 	NARIÑO 	LEIVA
52 - 411 	NARIÑO 	LINARES
52 - 418 	NARIÑO 	LOS ANDES
52 - 427 	NARIÑO 	MAGÜÍ
52 - 435 	NARIÑO 	MALLAMA
52 - 473 	NARIÑO 	MOSQUERA
52 - 480 	NARIÑO 	NARIÑO
52 - 490 	NARIÑO 	OLAYA HERRERA
52 - 506 	NARIÑO 	OSPINA
52 - 520 	NARIÑO 	FRANCISCO PIZARRO
52 - 540 	NARIÑO 	POLICARPA
52 - 560 	NARIÑO 	POTOSÍ
52 - 565 	NARIÑO 	PROVIDENCIA
52 - 573 	NARIÑO 	PUERRES
52 - 585 	NARIÑO 	PUPIALES
52 - 612 	NARIÑO 	RICAURTE
52 - 621 	NARIÑO 	ROBERTO PAYÁN
52 - 678 	NARIÑO 	SAMANIEGO
52 - 683 	NARIÑO 	SANDONÁ
52 - 685 	NARIÑO 	SAN BERNARDO
52 - 687 	NARIÑO 	SAN LORENZO
52 - 693 	NARIÑO 	SAN PABLO
52 - 694 	NARIÑO 	SAN PEDRO DE CARTAGO
52 - 696 	NARIÑO 	SANTA BÁRBARA
52 - 699 	NARIÑO 	SANTACRUZ
52 - 720 	NARIÑO 	SAPUYES
52 - 786 	NARIÑO 	TAMINANGO
52 - 788 	NARIÑO 	TANGUA
52 - 835 	NARIÑO 	SAN ANDRÉS DE TUMACO
52 - 838 	NARIÑO 	TÚQUERRES
52 - 885 	NARIÑO 	YACUANQUER
54 - 001 	NORTE SANTANDER 	CÚCUTA
54 - 003 	NORTE SANTANDER 	ÁBREGO
54 - 051 	NORTE SANTANDER 	ARBOLEDAS
54 - 099 	NORTE SANTANDER 	BOCHALEMA
54 - 109 	NORTE SANTANDER 	BUCARASICA
54 - 125 	NORTE SANTANDER 	CÁCOTA
54 - 128 	NORTE SANTANDER 	CÁCHIRA
54 - 172 	NORTE SANTANDER 	CHINÁCOTA
54 - 174 	NORTE SANTANDER 	CHITAGÁ
54 - 206 	NORTE SANTANDER 	CONVENCIÓN
54 - 223 	NORTE SANTANDER 	CUCUTILLA
54 - 239 	NORTE SANTANDER 	DURANIA
54 - 245 	NORTE SANTANDER 	EL CARMEN
54 - 250 	NORTE SANTANDER 	EL TARRA
54 - 261 	NORTE SANTANDER 	EL ZULIA
54 - 313 	NORTE SANTANDER 	GRAMALOTE
54 - 344 	NORTE SANTANDER 	HACARÍ
54 - 347 	NORTE SANTANDER 	HERRÁN
54 - 377 	NORTE SANTANDER 	LABATECA
54 - 385 	NORTE SANTANDER 	LA ESPERANZA
54 - 398 	NORTE SANTANDER 	LA PLAYA
54 - 405 	NORTE SANTANDER 	LOS PATIOS
54 - 418 	NORTE SANTANDER 	LOURDES
54 - 480 	NORTE SANTANDER 	MUTISCUA
54 - 498 	NORTE SANTANDER 	OCAÑA
54 - 518 	NORTE SANTANDER 	PAMPLONA
54 - 520 	NORTE SANTANDER 	PAMPLONITA
54 - 553 	NORTE SANTANDER 	PUERTO SANTANDER
54 - 599 	NORTE SANTANDER 	RAGONVALIA
54 - 660 	NORTE SANTANDER 	SALAZAR
54 - 670 	NORTE SANTANDER 	SAN CALIXTO
54 - 673 	NORTE SANTANDER 	SAN CAYETANO
54 - 680 	NORTE SANTANDER 	SANTIAGO
54 - 720 	NORTE SANTANDER 	SARDINATA
54 - 743 	NORTE SANTANDER 	SILOS
54 - 800 	NORTE SANTANDER 	TEORAMA
54 - 810 	NORTE SANTANDER 	TIBÚ
54 - 820 	NORTE SANTANDER 	TOLEDO
54 - 871 	NORTE SANTANDER 	VILLA CARO
54 - 874 	NORTE SANTANDER 	VILLA DEL ROSARIO
63 - 001 	QUINDIO 	ARMENIA
63 - 111 	QUINDIO 	BUENAVISTA
63 - 130 	QUINDIO 	CALARCÁ
63 - 190 	QUINDIO 	CIRCASIA
63 - 212 	QUINDIO 	CÓRDOBA
63 - 272 	QUINDIO 	FILANDIA
63 - 302 	QUINDIO 	GÉNOVA
63 - 401 	QUINDIO 	LA TEBAIDA
63 - 470 	QUINDIO 	MONTENEGRO
63 - 548 	QUINDIO 	PIJAO
63 - 594 	QUINDIO 	QUIMBAYA
63 - 690 	QUINDIO 	SALENTO
66 - 001 	RISARALDA 	PEREIRA
66 - 045 	RISARALDA 	APÍA
66 - 075 	RISARALDA 	BALBOA
66 - 088 	RISARALDA 	BELÉN DE UMBRÍA
66 - 170 	RISARALDA 	DOSQUEBRADAS
66 - 318 	RISARALDA 	GUÁTICA
66 - 383 	RISARALDA 	LA CELIA
66 - 400 	RISARALDA 	LA VIRGINIA
66 - 440 	RISARALDA 	MARSELLA
66 - 456 	RISARALDA 	MISTRATÓ
66 - 572 	RISARALDA 	PUEBLO RICO
66 - 594 	RISARALDA 	QUINCHÍA
66 - 682 	RISARALDA 	SANTA ROSA DE CABAL
66 - 687 	RISARALDA 	SANTUARIO
68 - 001 	SANTANDER 	BUCARAMANGA
68 - 013 	SANTANDER 	AGUADA
68 - 020 	SANTANDER 	ALBANIA
68 - 051 	SANTANDER 	ARATOCA
68 - 077 	SANTANDER 	BARBOSA
68 - 079 	SANTANDER 	BARICHARA
68 - 081 	SANTANDER 	BARRANCABERMEJA
68 - 092 	SANTANDER 	BETULIA
68 - 101 	SANTANDER 	BOLÍVAR
68 - 121 	SANTANDER 	CABRERA
68 - 132 	SANTANDER 	CALIFORNIA
68 - 147 	SANTANDER 	CAPITANEJO
68 - 152 	SANTANDER 	CARCASÍ
68 - 160 	SANTANDER 	CEPITÁ
68 - 162 	SANTANDER 	CERRITO
68 - 167 	SANTANDER 	CHARALÁ
68 - 169 	SANTANDER 	CHARTA
68 - 176 	SANTANDER 	CHIMA
68 - 179 	SANTANDER 	CHIPATÁ
68 - 190 	SANTANDER 	CIMITARRA
68 - 207 	SANTANDER 	CONCEPCIÓN
68 - 209 	SANTANDER 	CONFINES
68 - 211 	SANTANDER 	CONTRATACIÓN
68 - 217 	SANTANDER 	COROMORO
68 - 229 	SANTANDER 	CURITÍ
68 - 235 	SANTANDER 	EL CARMEN DE CHUCURÍ
68 - 245 	SANTANDER 	EL GUACAMAYO
68 - 250 	SANTANDER 	EL PEÑÓN
68 - 255 	SANTANDER 	EL PLAYÓN
68 - 264 	SANTANDER 	ENCINO
68 - 266 	SANTANDER 	ENCISO
68 - 271 	SANTANDER 	FLORIÁN
68 - 276 	SANTANDER 	FLORIDABLANCA
68 - 296 	SANTANDER 	GALÁN
68 - 298 	SANTANDER 	GÁMBITA
68 - 307 	SANTANDER 	GIRÓN
68 - 318 	SANTANDER 	GUACA
68 - 320 	SANTANDER 	GUADALUPE
68 - 322 	SANTANDER 	GUAPOTÁ
68 - 324 	SANTANDER 	GUAVATÁ
68 - 327 	SANTANDER 	GÜEPSA
68 - 344 	SANTANDER 	HATO
68 - 368 	SANTANDER 	JESÚS MARÍA
68 - 370 	SANTANDER 	JORDÁN
68 - 377 	SANTANDER 	LA BELLEZA
68 - 385 	SANTANDER 	LANDÁZURI
68 - 397 	SANTANDER 	LA PAZ
68 - 406 	SANTANDER 	LEBRIJA
68 - 418 	SANTANDER 	LOS SANTOS
68 - 425 	SANTANDER 	MACARAVITA
68 - 432 	SANTANDER 	MÁLAGA
68 - 444 	SANTANDER 	MATANZA
68 - 464 	SANTANDER 	MOGOTES
68 - 468 	SANTANDER 	MOLAGAVITA
68 - 498 	SANTANDER 	OCAMONTE
68 - 500 	SANTANDER 	OIBA
68 - 502 	SANTANDER 	ONZAGA
68 - 522 	SANTANDER 	PALMAR
68 - 524 	SANTANDER 	PALMAS DEL SOCORRO
68 - 533 	SANTANDER 	PÁRAMO
68 - 547 	SANTANDER 	PIEDECUESTA
68 - 549 	SANTANDER 	PINCHOTE
68 - 572 	SANTANDER 	PUENTE NACIONAL
68 - 573 	SANTANDER 	PUERTO PARRA
68 - 575 	SANTANDER 	PUERTO WILCHES
68 - 615 	SANTANDER 	RIONEGRO
68 - 655 	SANTANDER 	SABANA DE TORRES
68 - 669 	SANTANDER 	SAN ANDRÉS
68 - 673 	SANTANDER 	SAN BENITO
68 - 679 	SANTANDER 	SAN GIL
68 - 682 	SANTANDER 	SAN JOAQUÍN
68 - 684 	SANTANDER 	SAN JOSÉ DE MIRANDA
68 - 686 	SANTANDER 	SAN MIGUEL
68 - 689 	SANTANDER 	SAN VICENTE DE CHUCURÍ
68 - 705 	SANTANDER 	SANTA BÁRBARA
68 - 720 	SANTANDER 	SANTA HELENA DEL OPÓN
68 - 745 	SANTANDER 	SIMACOTA
68 - 755 	SANTANDER 	SOCORRO
68 - 770 	SANTANDER 	SUAITA
68 - 773 	SANTANDER 	SUCRE
68 - 780 	SANTANDER 	SURATÁ
68 - 820 	SANTANDER 	TONA
68 - 855 	SANTANDER 	VALLE DE SAN JOSÉ
68 - 861 	SANTANDER 	VÉLEZ
68 - 867 	SANTANDER 	VETAS
68 - 872 	SANTANDER 	VILLANUEVA
68 - 895 	SANTANDER 	ZAPATOCA
70 - 001 	SUCRE 	SINCELEJO
70 - 110 	SUCRE 	BUENAVISTA
70 - 124 	SUCRE 	CAIMITO
70 - 204 	SUCRE 	COLOSO
70 - 215 	SUCRE 	COROZAL
70 - 221 	SUCRE 	COVEÑAS
70 - 230 	SUCRE 	CHALÁN
70 - 233 	SUCRE 	EL ROBLE
70 - 235 	SUCRE 	GALERAS
70 - 265 	SUCRE 	GUARANDA
70 - 400 	SUCRE 	LA UNIÓN
70 - 418 	SUCRE 	LOS PALMITOS
70 - 429 	SUCRE 	MAJAGUAL
70 - 473 	SUCRE 	MORROA
70 - 508 	SUCRE 	OVEJAS
70 - 523 	SUCRE 	PALMITO
70 - 670 	SUCRE 	SAMPUÉS
70 - 678 	SUCRE 	SAN BENITO ABAD
70 - 702 	SUCRE 	SAN JUAN DE BETULIA
70 - 708 	SUCRE 	SAN MARCOS
70 - 713 	SUCRE 	SAN ONOFRE
70 - 717 	SUCRE 	SAN PEDRO
70 - 742 	SUCRE 	SAN LUIS DE SINCÉ
70 - 771 	SUCRE 	SUCRE
70 - 820 	SUCRE 	SANTIAGO DE TOLÚ
70 - 823 	SUCRE 	TOLÚ VIEJO
73 - 001 	TOLIMA 	IBAGUÉ
73 - 024 	TOLIMA 	ALPUJARRA
73 - 026 	TOLIMA 	ALVARADO
73 - 030 	TOLIMA 	AMBALEMA
73 - 043 	TOLIMA 	ANZOÁTEGUI
73 - 055 	TOLIMA 	ARMERO GUAYABAL
73 - 067 	TOLIMA 	ATACO
73 - 124 	TOLIMA 	CAJAMARCA
73 - 148 	TOLIMA 	CARMEN DE APICALÁ
73 - 152 	TOLIMA 	CASABIANCA
73 - 168 	TOLIMA 	CHAPARRAL
73 - 200 	TOLIMA 	COELLO
73 - 217 	TOLIMA 	COYAIMA
73 - 226 	TOLIMA 	CUNDAY
73 - 236 	TOLIMA 	DOLORES
73 - 268 	TOLIMA 	ESPINAL
73 - 270 	TOLIMA 	FALAN
73 - 275 	TOLIMA 	FLANDES
73 - 283 	TOLIMA 	FRESNO
73 - 319 	TOLIMA 	GUAMO
73 - 347 	TOLIMA 	HERVEO
73 - 349 	TOLIMA 	HONDA
73 - 352 	TOLIMA 	ICONONZO
73 - 408 	TOLIMA 	LÉRIDA
73 - 411 	TOLIMA 	LÍBANO
73 - 443 	TOLIMA 	SAN SEBASTIÁN DE MARIQUITA
73 - 449 	TOLIMA 	MELGAR
73 - 461 	TOLIMA 	MURILLO
73 - 483 	TOLIMA 	NATAGAIMA
73 - 504 	TOLIMA 	ORTEGA
73 - 520 	TOLIMA 	PALOCABILDO
73 - 547 	TOLIMA 	PIEDRAS
73 - 555 	TOLIMA 	PLANADAS
73 - 563 	TOLIMA 	PRADO
73 - 585 	TOLIMA 	PURIFICACIÓN
73 - 616 	TOLIMA 	RIOBLANCO
73 - 622 	TOLIMA 	RONCESVALLES
73 - 624 	TOLIMA 	ROVIRA
73 - 671 	TOLIMA 	SALDAÑA
73 - 675 	TOLIMA 	SAN ANTONIO
73 - 678 	TOLIMA 	SAN LUIS
73 - 686 	TOLIMA 	SANTA ISABEL
73 - 770 	TOLIMA 	SUÁREZ
73 - 854 	TOLIMA 	VALLE DE SAN JUAN
73 - 861 	TOLIMA 	VENADILLO
73 - 870 	TOLIMA 	VILLAHERMOSA
73 - 873 	TOLIMA 	VILLARRICA
76 - 001 	VALLE 	CALI
76 - 020 	VALLE 	ALCALÁ
76 - 036 	VALLE 	ANDALUCÍA
76 - 041 	VALLE 	ANSERMANUEVO
76 - 054 	VALLE 	ARGELIA
76 - 100 	VALLE 	BOLÍVAR
76 - 109 	VALLE 	BUENAVENTURA
76 - 111 	VALLE 	GUADALAJARA DE BUGA
76 - 113 	VALLE 	BUGALAGRANDE
76 - 122 	VALLE 	CAICEDONIA
76 - 126 	VALLE 	CALIMA
76 - 130 	VALLE 	CANDELARIA
76 - 147 	VALLE 	CARTAGO
76 - 233 	VALLE 	DAGUA
76 - 243 	VALLE 	EL ÁGUILA
76 - 246 	VALLE 	EL CAIRO
76 - 248 	VALLE 	EL CERRITO
76 - 250 	VALLE 	EL DOVIO
76 - 275 	VALLE 	FLORIDA
76 - 306 	VALLE 	GINEBRA
76 - 318 	VALLE 	GUACARÍ
76 - 364 	VALLE 	JAMUNDÍ
76 - 377 	VALLE 	LA CUMBRE
76 - 400 	VALLE 	LA UNIÓN
76 - 403 	VALLE 	LA VICTORIA
76 - 497 	VALLE 	OBANDO
76 - 520 	VALLE 	PALMIRA
76 - 563 	VALLE 	PRADERA
76 - 606 	VALLE 	RESTREPO
76 - 616 	VALLE 	RIOFRÍO
76 - 622 	VALLE 	ROLDANILLO
76 - 670 	VALLE 	SAN PEDRO
76 - 736 	VALLE 	SEVILLA
76 - 823 	VALLE 	TORO
76 - 828 	VALLE 	TRUJILLO
76 - 834 	VALLE 	TULUÁ
76 - 845 	VALLE 	ULLOA
76 - 863 	VALLE 	VERSALLES
76 - 869 	VALLE 	VIJES
76 - 890 	VALLE 	YOTOCO
76 - 892 	VALLE 	YUMBO
76 - 895 	VALLE 	ZARZAL
81 - 001 	ARAUCA 	ARAUCA
81 - 065 	ARAUCA 	ARAUQUITA
81 - 220 	ARAUCA 	CRAVO NORTE
81 - 300 	ARAUCA 	FORTUL
81 - 591 	ARAUCA 	PUERTO RONDÓN
81 - 736 	ARAUCA 	SARAVENA
81 - 794 	ARAUCA 	TAME
85 - 001 	CASANARE 	YOPAL
85 - 010 	CASANARE 	AGUAZUL
85 - 015 	CASANARE 	CHÁMEZA
85 - 125 	CASANARE 	HATO COROZAL
85 - 136 	CASANARE 	LA SALINA
85 - 139 	CASANARE 	MANÍ
85 - 162 	CASANARE 	MONTERREY
85 - 225 	CASANARE 	NUNCHÍA
85 - 230 	CASANARE 	OROCUÉ
85 - 250 	CASANARE 	PAZ DE ARIPORO
85 - 263 	CASANARE 	PORE
85 - 279 	CASANARE 	RECETOR
85 - 300 	CASANARE 	SABANALARGA
85 - 315 	CASANARE 	SÁCAMA
85 - 325 	CASANARE 	SAN LUIS DE PALENQUE
85 - 400 	CASANARE 	TÁMARA
85 - 410 	CASANARE 	TAURAMENA
85 - 430 	CASANARE 	TRINIDAD
85 - 440 	CASANARE 	VILLANUEVA
86 - 001 	PUTUMAYO 	MOCOA
86 - 219 	PUTUMAYO 	COLÓN
86 - 320 	PUTUMAYO 	ORITO
86 - 568 	PUTUMAYO 	PUERTO ASÍS
86 - 569 	PUTUMAYO 	PUERTO CAICEDO
86 - 571 	PUTUMAYO 	PUERTO GUZMÁN
86 - 573 	PUTUMAYO 	PUERTO LEGUÍZAMO
86 - 749 	PUTUMAYO 	SIBUNDOY
86 - 755 	PUTUMAYO 	SAN FRANCISCO
86 - 757 	PUTUMAYO 	SAN MIGUEL
86 - 760 	PUTUMAYO 	SANTIAGO
86 - 865 	PUTUMAYO 	VALLE DEL GUAMUEZ
86 - 885 	PUTUMAYO 	VILLAGARZÓN
88 - 001 	SAN ANDRES 	SAN ANDRÉS
88 - 564 	SAN ANDRES 	PROVIDENCIA
91 - 001 	AMAZONAS 	LETICIA
91 - 263 	AMAZONAS 	EL ENCANTO
91 - 405 	AMAZONAS 	LA CHORRERA
91 - 407 	AMAZONAS 	LA PEDRERA
91 - 430 	AMAZONAS 	LA VICTORIA
91 - 460 	AMAZONAS 	MIRITÍ - PARANÁ
91 - 530 	AMAZONAS 	PUERTO ALEGRÍA
91 - 536 	AMAZONAS 	PUERTO ARICA
91 - 540 	AMAZONAS 	PUERTO NARIÑO
91 - 669 	AMAZONAS 	PUERTO SANTANDER
91 - 798 	AMAZONAS 	TARAPACÁ
94 - 001 	GUAINIA 	INÍRIDA
94 - 343 	GUAINIA 	BARRANCO MINAS
94 - 663 	GUAINIA 	MAPIRIPANA
94 - 883 	GUAINIA 	SAN FELIPE
94 - 884 	GUAINIA 	PUERTO COLOMBIA
94 - 885 	GUAINIA 	LA GUADALUPE
94 - 886 	GUAINIA 	CACAHUAL
94 - 887 	GUAINIA 	PANA PANA
94 - 888 	GUAINIA 	MORICHAL
95 - 001 	GUAVIARE 	SAN JOSÉ DEL GUAVIARE
95 - 015 	GUAVIARE 	CALAMAR
95 - 025 	GUAVIARE 	EL RETORNO
95 - 200 	GUAVIARE 	MIRAFLORES
97 - 001 	VAUPES 	MITÚ
97 - 161 	VAUPES 	CARURÚ
97 - 511 	VAUPES 	PACOA
97 - 666 	VAUPES 	TARAIRA
97 - 777 	VAUPES 	PAPUNAUA
97 - 889 	VAUPES 	YAVARATÉ
99 - 001 	VICHADA 	PUERTO CARREÑO
99 - 524 	VICHADA 	LA PRIMAVERA
99 - 624 	VICHADA 	SANTA ROSALÍA
99 - 773 	VICHADA 	CUMARIBO 